row_number,column,value
2,DIRECTOR,--
54,DIRECTOR,--
82,DIRECTOR,
83,DIRECTOR,
84,DIRECTOR,
85,DIRECTOR,
86,DIRECTOR,
92,DIRECTOR,
93,DIRECTOR,--
97,DIRECTOR,
98,DIRECTOR,
100,DIRECTOR,
104,DIRECTOR,---
105,DIRECTOR,
110,DIRECTOR,
110,SUPERVISOR,
112,DIRECTOR,
112,SUPERVISOR,
116,DIRECTOR,---
121,DIRECTOR,
121,SUPERVISOR,
122,DIRECTOR,
123,DIRECTOR,
123,SUPERVISOR,
131,DIRECTOR,
133,DIRECTOR,
135,DIRECTOR,---
160,DIRECTOR,---
174,DIRECTOR,
175,DIRECTOR,
208,DIRECTOR,
210,DIRECTOR,
213,DIRECTOR,
246,DIRECTOR,
247,DIRECTOR,
248,DIRECTOR,
248,SUPERVISOR,
249,DIRECTOR,
249,SUPERVISOR,
270,DIRECTOR,
313,DIRECTOR,
314,DIRECTOR,
315,DIRECTOR,
316,DIRECTOR,
317,DIRECTOR,
318,DIRECTOR,
319,DIRECTOR,
321,DIRECTOR,--
323,DIRECTOR,
324,DIRECTOR,
324,SUPERVISOR,
340,DIRECTOR,-
346,DIRECTOR,
348,DIRECTOR,
348,SUPERVISOR,
349,DIRECTOR,
349,SUPERVISOR,
359,DIRECTOR,
373,DIRECTOR,
375,DIRECTOR,
376,DIRECTOR,
386,DIRECTOR,--
396,DIRECTOR,
397,DIRECTOR,
405,DIRECTOR,
406,DIRECTOR,
407,DIRECTOR,
408,DIRECTOR,
409,DIRECTOR,
410,DIRECTOR,
411,DIRECTOR,
414,DIRECTOR,
431,DIRECTOR,
432,DIRECTOR,
433,DIRECTOR,
434,DIRECTOR,
435,DIRECTOR,
436,DIRECTOR,
437,DIRECTOR,
466,DIRECTOR,---
510,DIRECTOR,
511,DIRECTOR,
515,DIRECTOR,
517,DIRECTOR,
518,DIRECTOR,
521,DIRECTOR,
523,DIRECTOR,
548,DIRECTOR,
563,DIRECTOR,
563,SUPERVISOR,
573,DIRECTOR,
592,DIRECTOR,
593,DIRECTOR,
594,DIRECTOR,
595,DIRECTOR,
596,DIRECTOR,
597,DIRECTOR,
598,DIRECTOR,
599,DIRECTOR,
600,DIRECTOR,
601,DIRECTOR,
602,DIRECTOR,
605,DIRECTOR,--
612,DIRECTOR,
615,DIRECTOR,
616,DIRECTOR,
628,DIRECTOR,
643,DIRECTOR,
644,DIRECTOR,
663,DIRECTOR,---
766,DIRECTOR,
768,DIRECTOR,
769,DIRECTOR,
769,SUPERVISOR,
770,DIRECTOR,
771,DIRECTOR,
771,SUPERVISOR,
773,DIRECTOR,
774,DIRECTOR,
775,DIRECTOR,
777,DIRECTOR,
777,SUPERVISOR,
787,DIRECTOR,
789,DIRECTOR,
791,DIRECTOR,
792,DIRECTOR,
798,DIRECTOR,
801,DIRECTOR,
801,SUPERVISOR,
822,DIRECTOR,
831,DIRECTOR,--
834,DIRECTOR,-
841,DIRECTOR,
848,DIRECTOR,---
855,DIRECTOR,
856,DIRECTOR,
885,DIRECTOR,
888,DIRECTOR,
889,DIRECTOR,
892,DIRECTOR,---
917,DIRECTOR,--
918,DIRECTOR,--
927,DIRECTOR,---
939,DIRECTOR,
942,DIRECTOR,
942,SUPERVISOR,
944,DIRECTOR,
946,DIRECTOR,
950,DIRECTOR,
957,DIRECTOR,---
970,DIRECTOR,
972,DIRECTOR,
973,DIRECTOR,
993,DIRECTOR,---
1000,DIRECTOR,
1000,SUPERVISOR,
1014,DIRECTOR,
1015,DIRECTOR,
1015,SUPERVISOR,
1016,DIRECTOR,
1016,SUPERVISOR,
1017,DIRECTOR,
1034,DIRECTOR,
1044,DIRECTOR,
1045,DIRECTOR,
1047,DIRECTOR,---
1048,DIRECTOR,---
1063,DIRECTOR,
1064,DIRECTOR,
1065,DIRECTOR,
1065,SUPERVISOR,
1069,DIRECTOR,
1072,DIRECTOR,---
1094,DIRECTOR,
1095,DIRECTOR,---
1096,DIRECTOR,---
1097,DIRECTOR,---
1098,DIRECTOR,---
1144,DIRECTOR,
1148,DIRECTOR,
1148,SUPERVISOR,
1149,DIRECTOR,
1150,DIRECTOR,
1150,SUPERVISOR,
1152,DIRECTOR,
1152,SUPERVISOR,
1153,DIRECTOR,-
1156,DIRECTOR,
1157,DIRECTOR,
1158,DIRECTOR,
1159,DIRECTOR,
1160,DIRECTOR,
1165,DIRECTOR,
1173,DIRECTOR,---
1174,DIRECTOR,---
1198,DIRECTOR,-
1201,DIRECTOR,---
1202,DIRECTOR,---
1203,DIRECTOR,---
1206,DIRECTOR,
1212,DIRECTOR,
1212,SUPERVISOR,
1238,DIRECTOR,
1239,DIRECTOR,
1240,DIRECTOR,
1243,DIRECTOR,
1248,DIRECTOR,
1249,DIRECTOR,
1251,DIRECTOR,
1252,DIRECTOR,
1262,DIRECTOR,
1287,DIRECTOR,
1298,DIRECTOR,---
1323,DIRECTOR,
1323,SUPERVISOR,
1324,DIRECTOR,----
1325,DIRECTOR,
1325,SUPERVISOR,
1334,DIRECTOR,---
1337,DIRECTOR,
1337,SUPERVISOR,
1338,DIRECTOR,
1338,SUPERVISOR,
1342,DIRECTOR,
1342,SUPERVISOR,
1343,DIRECTOR,
1343,SUPERVISOR,
1350,DIRECTOR,---
1351,DIRECTOR,----
1352,DIRECTOR,----
1353,DIRECTOR,----
1361,DIRECTOR,---
1365,DIRECTOR,
1365,SUPERVISOR,
1366,DIRECTOR,
1367,DIRECTOR,
1367,SUPERVISOR,
1373,DIRECTOR,---
1378,DIRECTOR,---
1380,DIRECTOR,
1380,SUPERVISOR,
1381,DIRECTOR,
1383,DIRECTOR,
1383,SUPERVISOR,
1387,DIRECTOR,
1389,DIRECTOR,----
1395,DIRECTOR,
1400,DIRECTOR,
1401,DIRECTOR,
1402,DIRECTOR,
1403,DIRECTOR,
1403,SUPERVISOR,
1404,DIRECTOR,
1404,SUPERVISOR,
1407,DIRECTOR,
1408,DIRECTOR,
1408,SUPERVISOR,
1411,DIRECTOR,
1412,DIRECTOR,
1413,DIRECTOR,
1414,DIRECTOR,
1415,DIRECTOR,---
1416,DIRECTOR,
1418,DIRECTOR,
1419,DIRECTOR,
1420,DIRECTOR,
1420,SUPERVISOR,
1430,DIRECTOR,----
1431,DIRECTOR,---
1432,DIRECTOR,---
1433,DIRECTOR,---
1440,DIRECTOR,---
1441,DIRECTOR,---
1442,DIRECTOR,---
1443,DIRECTOR,---
1444,DIRECTOR,---
1448,DIRECTOR,---
1450,DIRECTOR,---
1451,DIRECTOR,---
1452,DIRECTOR,---
1453,DIRECTOR,---
1455,DIRECTOR,---
1456,DIRECTOR,---
1465,DIRECTOR,---
1475,DIRECTOR,---
1476,DIRECTOR,---
1477,DIRECTOR,---
1488,DIRECTOR,---
1489,DIRECTOR,---
1496,DIRECTOR,----
1502,DIRECTOR,--
1503,DIRECTOR,--
1504,DIRECTOR,---
1505,DIRECTOR,---
1507,DIRECTOR,---
1515,DIRECTOR,---
1516,DIRECTOR,--
1517,DIRECTOR,--
1518,DIRECTOR,---
1519,DIRECTOR,--
1534,DIRECTOR,--
1536,DIRECTOR,---
1539,DIRECTOR,----
1540,DIRECTOR,----
1542,DIRECTOR,---
1548,DIRECTOR,---
1651,DIRECTOR,----
1652,DIRECTOR,----
1658,DIRECTOR,---
1659,DIRECTOR,----
1660,DIRECTOR,---
1665,DIRECTOR,----
1751,SUPERVISOR,
1752,DIRECTOR,
1752,SUPERVISOR,
1755,DIRECTOR,---
1757,DIRECTOR,
1757,SUPERVISOR,
1758,DIRECTOR,
1758,SUPERVISOR,
1759,DIRECTOR,
1759,SUPERVISOR,
1760,DIRECTOR,
1760,SUPERVISOR,
1761,DIRECTOR,
1761,SUPERVISOR,
1765,DIRECTOR,
1766,DIRECTOR,----
1774,DIRECTOR,
1774,SUPERVISOR,
1775,DIRECTOR,
1775,SUPERVISOR,
1776,DIRECTOR,----
1777,DIRECTOR,----
1778,DIRECTOR,----
1780,DIRECTOR,
1780,SUPERVISOR,
1781,DIRECTOR,
1782,DIRECTOR,
1782,SUPERVISOR,
1786,DIRECTOR,
1787,DIRECTOR,
1787,SUPERVISOR,
1789,DIRECTOR,
1789,SUPERVISOR,
1790,DIRECTOR,
1790,SUPERVISOR,
1792,DIRECTOR,
1792,SUPERVISOR,
1793,DIRECTOR,---
1794,DIRECTOR,---
1795,DIRECTOR,
1799,DIRECTOR,
1799,SUPERVISOR,
1800,DIRECTOR,---
1801,DIRECTOR,
1801,SUPERVISOR,
1802,DIRECTOR,
1802,SUPERVISOR,
1804,DIRECTOR,
1805,DIRECTOR,
1805,SUPERVISOR,
1807,DIRECTOR,
1808,DIRECTOR,
1808,SUPERVISOR,
1809,DIRECTOR,
1810,DIRECTOR,
1810,SUPERVISOR,
1812,DIRECTOR,
1814,DIRECTOR,
1814,SUPERVISOR,
1815,DIRECTOR,
1815,SUPERVISOR,
1816,DIRECTOR,
1818,DIRECTOR,
1819,DIRECTOR,
1820,DIRECTOR,
1820,SUPERVISOR,
1821,DIRECTOR,
1822,DIRECTOR,
1822,SUPERVISOR,
1823,DIRECTOR,
1823,SUPERVISOR,
1824,DIRECTOR,
1826,DIRECTOR,---
1827,DIRECTOR,
1828,DIRECTOR,
1828,SUPERVISOR,
1829,DIRECTOR,---
1830,DIRECTOR,
1830,SUPERVISOR,
1831,DIRECTOR,
1832,DIRECTOR,
1834,DIRECTOR,
1834,SUPERVISOR,
1837,DIRECTOR,
1838,DIRECTOR,
1839,DIRECTOR,
1841,DIRECTOR,
1841,SUPERVISOR,
1843,DIRECTOR,
1843,SUPERVISOR,
1846,DIRECTOR,
1846,SUPERVISOR,
1848,DIRECTOR,
1849,DIRECTOR,
1849,SUPERVISOR,
1850,DIRECTOR,
1850,SUPERVISOR,
1853,DIRECTOR,
1853,SUPERVISOR,
1854,DIRECTOR,
1854,SUPERVISOR,
1855,DIRECTOR,
1855,SUPERVISOR,
1856,DIRECTOR,
1857,DIRECTOR,
1857,SUPERVISOR,
1858,DIRECTOR,
1858,SUPERVISOR,
1859,DIRECTOR,
1860,DIRECTOR,
1860,SUPERVISOR,
1862,DIRECTOR,
1862,SUPERVISOR,
1863,DIRECTOR,
1863,SUPERVISOR,
1865,DIRECTOR,---
1868,DIRECTOR,
1870,DIRECTOR,
1871,DIRECTOR,
1872,DIRECTOR,
1875,DIRECTOR,
1875,SUPERVISOR,
1877,DIRECTOR,
1879,DIRECTOR,
1881,DIRECTOR,
1882,DIRECTOR,
1882,SUPERVISOR,
1885,DIRECTOR,
1885,SUPERVISOR,
1889,DIRECTOR,----
1890,DIRECTOR,
1890,SUPERVISOR,
1893,DIRECTOR,
1894,DIRECTOR,
1894,SUPERVISOR,
1895,DIRECTOR,
1895,SUPERVISOR,
1896,DIRECTOR,
1896,SUPERVISOR,
1899,DIRECTOR,
1900,DIRECTOR,
1904,DIRECTOR,
1904,SUPERVISOR,
1906,DIRECTOR,
1906,SUPERVISOR,
1907,DIRECTOR,
1907,SUPERVISOR,
1910,DIRECTOR,
1911,DIRECTOR,
1911,SUPERVISOR,
1912,DIRECTOR,
1912,SUPERVISOR,
1914,DIRECTOR,
1914,SUPERVISOR,
1920,DIRECTOR,
1920,SUPERVISOR,
1921,DIRECTOR,
1921,SUPERVISOR,
1922,DIRECTOR,
1922,SUPERVISOR,
1923,DIRECTOR,
1923,SUPERVISOR,
1924,DIRECTOR,
1924,SUPERVISOR,
1926,DIRECTOR,
1926,SUPERVISOR,
1927,DIRECTOR,
1927,SUPERVISOR,
1928,DIRECTOR,
1928,SUPERVISOR,
1932,DIRECTOR,
1932,SUPERVISOR,
1934,DIRECTOR,
1939,DIRECTOR,---
1941,DIRECTOR,
1942,DIRECTOR,
1944,DIRECTOR,
1944,SUPERVISOR,
1946,DIRECTOR,
1947,DIRECTOR,
1952,DIRECTOR,
1956,DIRECTOR,
1958,DIRECTOR,
1958,SUPERVISOR,
1960,DIRECTOR,
1961,DIRECTOR,
1961,SUPERVISOR,
1962,DIRECTOR,
1964,DIRECTOR,
1964,SUPERVISOR,
1965,DIRECTOR,
1966,DIRECTOR,
1968,DIRECTOR,
1968,SUPERVISOR,
1970,DIRECTOR,
1970,SUPERVISOR,
1971,DIRECTOR,----
1972,DIRECTOR,
1978,DIRECTOR,
1978,SUPERVISOR,
1980,DIRECTOR,
1981,DIRECTOR,----
1983,DIRECTOR,
1984,DIRECTOR,
1985,DIRECTOR,----
1988,DIRECTOR,
1988,SUPERVISOR,
1989,DIRECTOR,
1990,DIRECTOR,
1991,DIRECTOR,---
1992,DIRECTOR,
1992,SUPERVISOR,
1993,DIRECTOR,
1994,DIRECTOR,
1994,SUPERVISOR,
1996,DIRECTOR,----
1997,DIRECTOR,
2000,DIRECTOR,
2001,DIRECTOR,
2001,SUPERVISOR,
2003,DIRECTOR,
2004,DIRECTOR,
2005,DIRECTOR,
2005,SUPERVISOR,
2008,DIRECTOR,
2010,DIRECTOR,
2011,DIRECTOR,----
2014,DIRECTOR,
2015,DIRECTOR,
2015,SUPERVISOR,
2016,DIRECTOR,
2018,DIRECTOR,----
2019,DIRECTOR,
2020,DIRECTOR,
2021,DIRECTOR,
2024,DIRECTOR,
2025,DIRECTOR,
2030,DIRECTOR,
2031,DIRECTOR,
2032,DIRECTOR,
2035,DIRECTOR,
2036,DIRECTOR,---
2037,DIRECTOR,
2043,DIRECTOR,
2046,DIRECTOR,
2046,SUPERVISOR,
2047,DIRECTOR,
2047,SUPERVISOR,
2051,DIRECTOR,
2052,DIRECTOR,
2053,DIRECTOR,
2054,DIRECTOR,
2055,DIRECTOR,---
2056,DIRECTOR,
2057,DIRECTOR,--
2058,DIRECTOR,
2059,DIRECTOR,
2060,DIRECTOR,
2061,DIRECTOR,
2064,DIRECTOR,
2065,DIRECTOR,
2066,DIRECTOR,
2072,DIRECTOR,
2076,DIRECTOR,
2084,DIRECTOR,
2085,DIRECTOR,
2094,DIRECTOR,
2095,DIRECTOR,
2096,DIRECTOR,
2103,DIRECTOR,
2106,DIRECTOR,
2107,DIRECTOR,
2108,DIRECTOR,
2109,DIRECTOR,
2112,DIRECTOR,
2115,DIRECTOR,
2116,DIRECTOR,
2118,DIRECTOR,
2119,DIRECTOR,
2125,DIRECTOR,
2127,DIRECTOR,
2136,DIRECTOR,
2138,DIRECTOR,
2139,DIRECTOR,
2144,DIRECTOR,
2145,DIRECTOR,
2147,DIRECTOR,
2148,DIRECTOR,
2150,DIRECTOR,
2151,DIRECTOR,---
2152,DIRECTOR,
2156,DIRECTOR,
2157,DIRECTOR,
2159,DIRECTOR,
2163,DIRECTOR,
2164,DIRECTOR,
2165,DIRECTOR,
2166,DIRECTOR,
2173,DIRECTOR,
2174,DIRECTOR,----
2176,DIRECTOR,
2180,DIRECTOR,---
2182,DIRECTOR,
2183,DIRECTOR,
2184,DIRECTOR,
2185,DIRECTOR,
2186,DIRECTOR,
2188,DIRECTOR,
2191,DIRECTOR,---
2192,DIRECTOR,---
2193,DIRECTOR,---
2225,DIRECTOR,
2242,DIRECTOR,----
2260,DIRECTOR,
2260,SUPERVISOR,
2261,DIRECTOR,
2261,SUPERVISOR,
2265,DIRECTOR,-
2266,DIRECTOR,
2268,DIRECTOR,
2269,DIRECTOR,
2271,DIRECTOR,
2272,DIRECTOR,
2272,SUPERVISOR,
2275,DIRECTOR,
2276,DIRECTOR,
2276,SUPERVISOR,
2278,DIRECTOR,
2278,SUPERVISOR,
2279,DIRECTOR,
2280,DIRECTOR,
2280,SUPERVISOR,
2281,DIRECTOR,
2281,SUPERVISOR,
2282,DIRECTOR,---
2284,DIRECTOR,
2286,DIRECTOR,
2289,DIRECTOR,
2289,SUPERVISOR,
2290,DIRECTOR,
2290,SUPERVISOR,
2293,DIRECTOR,
2293,SUPERVISOR,
2296,DIRECTOR,
2297,DIRECTOR,
2298,DIRECTOR,
2299,DIRECTOR,
2301,DIRECTOR,
2303,DIRECTOR,---
2304,DIRECTOR,
2306,DIRECTOR,
2308,DIRECTOR,---
2310,DIRECTOR,---
2325,DIRECTOR,
2325,SUPERVISOR,
2326,DIRECTOR,
2327,DIRECTOR,
2328,DIRECTOR,
2329,DIRECTOR,---
2330,DIRECTOR,
2331,DIRECTOR,
2331,SUPERVISOR,
2332,DIRECTOR,
2333,DIRECTOR,
2333,SUPERVISOR,
2334,DIRECTOR,
2334,SUPERVISOR,
2335,DIRECTOR,
2339,DIRECTOR,
2339,SUPERVISOR,
2340,DIRECTOR,
2340,SUPERVISOR,
2341,DIRECTOR,
2341,SUPERVISOR,
2342,DIRECTOR,
2342,SUPERVISOR,
2343,DIRECTOR,
2343,SUPERVISOR,
2344,DIRECTOR,
2344,SUPERVISOR,
2346,DIRECTOR,
2346,SUPERVISOR,
2347,DIRECTOR,
2347,SUPERVISOR,
2349,DIRECTOR,
2349,SUPERVISOR,
2351,DIRECTOR,
2351,SUPERVISOR,
2352,DIRECTOR,
2352,SUPERVISOR,
2353,DIRECTOR,
2355,DIRECTOR,
2356,DIRECTOR,
2357,DIRECTOR,
2358,DIRECTOR,
2358,SUPERVISOR,
2359,DIRECTOR,
2359,SUPERVISOR,
2361,DIRECTOR,---
2362,DIRECTOR,---
2364,DIRECTOR,
2364,SUPERVISOR,
2369,DIRECTOR,---
2374,DIRECTOR,
2375,DIRECTOR,---
2392,DIRECTOR,
2392,SUPERVISOR,
2393,DIRECTOR,
2393,SUPERVISOR,
2394,DIRECTOR,
2394,SUPERVISOR,
2395,DIRECTOR,SIN DATO
2396,DIRECTOR,
2396,SUPERVISOR,
2397,DIRECTOR,
2397,SUPERVISOR,
2398,DIRECTOR,
2398,SUPERVISOR,
2399,DIRECTOR,
2399,SUPERVISOR,
2400,DIRECTOR,
2401,DIRECTOR,
2401,SUPERVISOR,
2403,DIRECTOR,
2404,DIRECTOR,
2404,SUPERVISOR,
2405,DIRECTOR,
2406,DIRECTOR,
2407,DIRECTOR,
2407,SUPERVISOR,
2410,DIRECTOR,SIN DATO
2411,DIRECTOR,
2412,DIRECTOR,
2413,DIRECTOR,
2413,SUPERVISOR,
2414,DIRECTOR,
2415,DIRECTOR,
2418,DIRECTOR,
2419,DIRECTOR,
2425,DIRECTOR,---
2470,DIRECTOR,
2470,SUPERVISOR,
2471,DIRECTOR,
2471,SUPERVISOR,
2472,DIRECTOR,
2472,SUPERVISOR,
2473,DIRECTOR,
2476,DIRECTOR,
2478,DIRECTOR,----
2480,DIRECTOR,
2483,DIRECTOR,---
2485,DIRECTOR,
2486,DIRECTOR,
2486,SUPERVISOR,
2488,DIRECTOR,
2488,SUPERVISOR,
2489,DIRECTOR,
2490,DIRECTOR,
2490,SUPERVISOR,
2492,DIRECTOR,---
2493,DIRECTOR,---
2494,DIRECTOR,
2494,SUPERVISOR,
2495,DIRECTOR,
2496,DIRECTOR,
2498,DIRECTOR,----
2499,DIRECTOR,
2505,DIRECTOR,
2507,DIRECTOR,
2508,DIRECTOR,
2509,DIRECTOR,
2510,DIRECTOR,
2513,DIRECTOR,
2515,DIRECTOR,---
2522,DIRECTOR,---
2523,DIRECTOR,---
2524,DIRECTOR,---
2631,DIRECTOR,
2635,DIRECTOR,
2635,SUPERVISOR,
2636,DIRECTOR,
2636,SUPERVISOR,
2637,DIRECTOR,
2637,SUPERVISOR,
2639,DIRECTOR,
2639,SUPERVISOR,
2641,DIRECTOR,
2642,DIRECTOR,
2644,DIRECTOR,
2644,SUPERVISOR,
2645,DIRECTOR,
2645,SUPERVISOR,
2648,DIRECTOR,
2650,DIRECTOR,
2651,DIRECTOR,
2653,DIRECTOR,
2653,SUPERVISOR,
2655,DIRECTOR,
2657,DIRECTOR,
2659,DIRECTOR,
2659,SUPERVISOR,
2661,DIRECTOR,
2661,SUPERVISOR,
2662,DIRECTOR,
2662,SUPERVISOR,
2663,DIRECTOR,
2663,SUPERVISOR,
2664,DIRECTOR,
2665,DIRECTOR,
2665,SUPERVISOR,
2666,DIRECTOR,
2666,SUPERVISOR,
2670,DIRECTOR,
2672,DIRECTOR,
2673,DIRECTOR,
2673,SUPERVISOR,
2674,DIRECTOR,
2675,DIRECTOR,
2675,SUPERVISOR,
2676,DIRECTOR,
2676,SUPERVISOR,
2677,DIRECTOR,
2677,SUPERVISOR,
2684,DIRECTOR,
2685,DIRECTOR,
2685,SUPERVISOR,
2686,DIRECTOR,
2687,DIRECTOR,
2687,SUPERVISOR,
2689,DIRECTOR,
2689,SUPERVISOR,
2691,DIRECTOR,
2691,SUPERVISOR,
2696,DIRECTOR,
2696,SUPERVISOR,
2697,DIRECTOR,
2702,DIRECTOR,
2702,SUPERVISOR,
2705,DIRECTOR,
2705,SUPERVISOR,
2707,DIRECTOR,
2709,DIRECTOR,
2711,DIRECTOR,
2711,SUPERVISOR,
2712,DIRECTOR,
2712,SUPERVISOR,
2713,DIRECTOR,
2715,DIRECTOR,
2715,SUPERVISOR,
2716,DIRECTOR,
2717,DIRECTOR,
2719,DIRECTOR,
2721,DIRECTOR,
2732,DIRECTOR,
2738,DIRECTOR,
2742,DIRECTOR,
2743,DIRECTOR,
2744,DIRECTOR,
2745,DIRECTOR,
2746,DIRECTOR,
2754,DIRECTOR,
2754,SUPERVISOR,
2756,DIRECTOR,
2756,SUPERVISOR,
2757,DIRECTOR,
2757,SUPERVISOR,
2758,DIRECTOR,
2758,SUPERVISOR,
2774,DIRECTOR,
2774,SUPERVISOR,
2776,DIRECTOR,SIN DATO
2777,DIRECTOR,SIN DATO
2779,DIRECTOR,SIN DATO
2780,DIRECTOR,
2780,SUPERVISOR,
2784,DIRECTOR,
2784,SUPERVISOR,
2785,DIRECTOR,SIN DATO
2787,DIRECTOR,
2788,DIRECTOR,
2788,SUPERVISOR,
2789,DIRECTOR,SIN DATO
2791,DIRECTOR,
2791,SUPERVISOR,
2793,DIRECTOR,
2795,DIRECTOR,
2796,DIRECTOR,
2797,DIRECTOR,
2798,DIRECTOR,---
2799,DIRECTOR,---
2800,DIRECTOR,---
2801,DIRECTOR,---
2814,DIRECTOR,
2816,DIRECTOR,
2816,SUPERVISOR,
2817,DIRECTOR,SIN DATO
2818,DIRECTOR,SIN DATO
2819,DIRECTOR,SIN DATO
2820,DIRECTOR,SIN DATO
2821,DIRECTOR,
2821,SUPERVISOR,
2822,DIRECTOR,SIN DATO
2823,DIRECTOR,
2823,SUPERVISOR,
2826,DIRECTOR,
2828,DIRECTOR,
2829,DIRECTOR,SIN DATO
2830,DIRECTOR,
2831,DIRECTOR,
2832,DIRECTOR,SIN DATO
2833,DIRECTOR,SIN DATO
2834,DIRECTOR,SIN DATO
2836,DIRECTOR,
2836,SUPERVISOR,
2837,DIRECTOR,
2837,SUPERVISOR,
2838,DIRECTOR,SIN DATO
2839,DIRECTOR,
2839,SUPERVISOR,
2840,DIRECTOR,
2840,SUPERVISOR,
2841,DIRECTOR,
2841,SUPERVISOR,
2842,DIRECTOR,SIN DATO
2843,DIRECTOR,
2844,DIRECTOR,
2845,DIRECTOR,SIN DATO
2846,DIRECTOR,
2847,DIRECTOR,
2848,DIRECTOR,
2849,DIRECTOR,
2851,DIRECTOR,
2852,DIRECTOR,
2853,DIRECTOR,
2856,DIRECTOR,---
2883,DIRECTOR,
2885,SUPERVISOR,
2894,DIRECTOR,---
2899,DIRECTOR,
2899,SUPERVISOR,
2902,DIRECTOR,
2902,SUPERVISOR,
2905,DIRECTOR,
2905,SUPERVISOR,
2907,DIRECTOR,
2907,SUPERVISOR,
2908,DIRECTOR,
2909,DIRECTOR,
2909,SUPERVISOR,
2911,DIRECTOR,
2912,DIRECTOR,
2912,SUPERVISOR,
2922,DIRECTOR,
2924,DIRECTOR,
2925,DIRECTOR,
2929,DIRECTOR,
2930,DIRECTOR,
2931,DIRECTOR,
2932,DIRECTOR,
2933,DIRECTOR,
2934,DIRECTOR,----
2935,DIRECTOR,---
2936,DIRECTOR,---
2943,DIRECTOR,---
3003,DIRECTOR,
3004,DIRECTOR,
3007,SUPERVISOR,
3008,DIRECTOR,
3011,DIRECTOR,
3012,DIRECTOR,
3012,SUPERVISOR,
3017,DIRECTOR,--
3018,DIRECTOR,
3020,DIRECTOR,
3020,SUPERVISOR,
3022,DIRECTOR,
3022,SUPERVISOR,
3023,DIRECTOR,
3023,SUPERVISOR,
3026,DIRECTOR,
3026,SUPERVISOR,
3027,DIRECTOR,
3029,DIRECTOR,
3029,SUPERVISOR,
3030,DIRECTOR,
3031,DIRECTOR,
3033,DIRECTOR,
3034,DIRECTOR,
3034,SUPERVISOR,
3035,DIRECTOR,
3035,SUPERVISOR,
3038,DIRECTOR,
3046,DIRECTOR,
3049,DIRECTOR,
3054,DIRECTOR,
3060,DIRECTOR,
3062,DIRECTOR,
3066,DIRECTOR,
3067,DIRECTOR,
3068,DIRECTOR,
3069,DIRECTOR,
3071,DIRECTOR,
3075,DIRECTOR,
3077,DIRECTOR,
3117,DIRECTOR,
3117,SUPERVISOR,
3118,DIRECTOR,
3118,SUPERVISOR,
3121,DIRECTOR,
3121,SUPERVISOR,
3123,DIRECTOR,
3124,DIRECTOR,SIN DATO
3125,DIRECTOR,
3125,SUPERVISOR,
3127,DIRECTOR,
3128,DIRECTOR,
3130,DIRECTOR,SIN DATO
3135,DIRECTOR,
3135,SUPERVISOR,
3137,DIRECTOR,SIN DATO
3140,DIRECTOR,
3142,DIRECTOR,
3143,DIRECTOR,SIN DATO
3149,SUPERVISOR,
3150,DIRECTOR,
3150,SUPERVISOR,
3151,DIRECTOR,
3151,SUPERVISOR,
3152,DIRECTOR,
3152,SUPERVISOR,
3154,DIRECTOR,
3154,SUPERVISOR,
3155,DIRECTOR,
3156,DIRECTOR,
3159,DIRECTOR,
3160,DIRECTOR,
3160,SUPERVISOR,
3161,DIRECTOR,
3162,DIRECTOR,
3163,DIRECTOR,
3163,SUPERVISOR,
3165,DIRECTOR,
3173,DIRECTOR,
3175,DIRECTOR,SIN DATO
3178,DIRECTOR,
3178,SUPERVISOR,
3179,DIRECTOR,SIN DATO
3180,DIRECTOR,
3181,DIRECTOR,SIN DATO
3184,DIRECTOR,
3193,DIRECTOR,SIN DATO
3197,DIRECTOR,SIN DATO
3200,DIRECTOR,
3201,DIRECTOR,
3206,DIRECTOR,---
3218,DIRECTOR,
3219,DIRECTOR,
3221,DIRECTOR,
3221,SUPERVISOR,
3224,DIRECTOR,
3225,DIRECTOR,
3225,SUPERVISOR,
3227,DIRECTOR,
3231,DIRECTOR,
3324,DIRECTOR,
3325,DIRECTOR,
3326,DIRECTOR,
3331,DIRECTOR,----
3332,DIRECTOR,
3332,SUPERVISOR,
3333,DIRECTOR,
3334,DIRECTOR,
3334,SUPERVISOR,
3335,DIRECTOR,
3335,SUPERVISOR,
3336,DIRECTOR,
3336,SUPERVISOR,
3337,DIRECTOR,
3337,SUPERVISOR,
3340,DIRECTOR,
3340,SUPERVISOR,
3341,DIRECTOR,
3341,SUPERVISOR,
3342,DIRECTOR,
3342,SUPERVISOR,
3343,DIRECTOR,
3343,SUPERVISOR,
3345,DIRECTOR,
3345,SUPERVISOR,
3347,DIRECTOR,
3352,DIRECTOR,
3352,SUPERVISOR,
3355,DIRECTOR,
3357,DIRECTOR,---
3360,DIRECTOR,
3360,SUPERVISOR,
3362,DIRECTOR,
3363,DIRECTOR,
3364,DIRECTOR,
3365,DIRECTOR,
3417,DIRECTOR,
3420,DIRECTOR,
3420,SUPERVISOR,
3428,DIRECTOR,
3434,DIRECTOR,
3462,DIRECTOR,
3462,SUPERVISOR,
3463,DIRECTOR,
3463,SUPERVISOR,
3465,DIRECTOR,
3469,DIRECTOR,
3470,DIRECTOR,
3470,SUPERVISOR,
3471,DIRECTOR,
3471,SUPERVISOR,
3474,DIRECTOR,
3476,DIRECTOR,
3503,DIRECTOR,
3504,DIRECTOR,
3504,SUPERVISOR,
3506,DIRECTOR,
3518,DIRECTOR,
3525,DIRECTOR,---
3530,DIRECTOR,
3530,SUPERVISOR,
3556,DIRECTOR,
3557,DIRECTOR,
3558,DIRECTOR,
3559,DIRECTOR,
3560,DIRECTOR,
3562,DIRECTOR,
3566,DIRECTOR,---
3568,DIRECTOR,
3569,DIRECTOR,
3577,DIRECTOR,
3577,SUPERVISOR,
3578,DIRECTOR,
3578,SUPERVISOR,
3580,DIRECTOR,
3581,DIRECTOR,
3581,SUPERVISOR,
3584,DIRECTOR,---
3586,DIRECTOR,---
3607,DIRECTOR,
3608,SUPERVISOR,
3615,DIRECTOR,
3615,SUPERVISOR,
3616,DIRECTOR,
3616,SUPERVISOR,
3618,DIRECTOR,
3619,DIRECTOR,
3636,DIRECTOR,
3637,DIRECTOR,
3643,DIRECTOR,
3643,SUPERVISOR,
3644,DIRECTOR,
3648,DIRECTOR,
3652,DIRECTOR,
3771,DIRECTOR,
3771,SUPERVISOR,
3774,DIRECTOR,
3774,SUPERVISOR,
3780,DIRECTOR,
3780,SUPERVISOR,
3781,DIRECTOR,
3782,DIRECTOR,
3782,SUPERVISOR,
3787,DIRECTOR,
3790,DIRECTOR,
3791,DIRECTOR,
3792,DIRECTOR,
3797,DIRECTOR,
3798,DIRECTOR,
3799,DIRECTOR,
3800,DIRECTOR,
3802,DIRECTOR,
3806,DIRECTOR,
3807,DIRECTOR,
3808,DIRECTOR,
3813,DIRECTOR,
3816,DIRECTOR,
3817,DIRECTOR,
3822,DIRECTOR,
3823,DIRECTOR,
3828,DIRECTOR,
3829,DIRECTOR,
3830,DIRECTOR,----
3833,DIRECTOR,---
3897,DIRECTOR,
3898,DIRECTOR,
3898,SUPERVISOR,
3900,DIRECTOR,
3900,SUPERVISOR,
3903,DIRECTOR,
3903,SUPERVISOR,
3927,DIRECTOR,
3932,DIRECTOR,
3932,SUPERVISOR,
3933,DIRECTOR,
3933,SUPERVISOR,
3934,DIRECTOR,
3934,SUPERVISOR,
3935,DIRECTOR,
3936,DIRECTOR,
3936,SUPERVISOR,
3937,DIRECTOR,
3937,SUPERVISOR,
3943,DIRECTOR,
3951,DIRECTOR,
3952,DIRECTOR,
3955,DIRECTOR,
3956,DIRECTOR,
3957,DIRECTOR,
3959,DIRECTOR,
3960,DIRECTOR,
3961,DIRECTOR,
3962,DIRECTOR,
3963,DIRECTOR,
3965,DIRECTOR,
3988,DIRECTOR,
3990,DIRECTOR,
4004,DIRECTOR,
4004,SUPERVISOR,
4006,DIRECTOR,
4036,DIRECTOR,
4036,SUPERVISOR,
4037,DIRECTOR,
4103,DIRECTOR,
4103,SUPERVISOR,
4104,DIRECTOR,
4106,DIRECTOR,
4106,SUPERVISOR,
4110,DIRECTOR,
4111,DIRECTOR,
4112,DIRECTOR,
4113,DIRECTOR,---
4139,DIRECTOR,
4140,DIRECTOR,
4141,DIRECTOR,
4144,DIRECTOR,
4151,DIRECTOR,
4151,SUPERVISOR,
4154,DIRECTOR,
4155,DIRECTOR,
4156,DIRECTOR,
4206,DIRECTOR,
4206,SUPERVISOR,
4208,DIRECTOR,
4212,DIRECTOR,
4268,DIRECTOR,
4269,DIRECTOR,
4277,DIRECTOR,---
4286,DIRECTOR,
4322,DIRECTOR,
4323,DIRECTOR,
4326,DIRECTOR,
4329,DIRECTOR,
4329,SUPERVISOR,
4332,DIRECTOR,
4338,DIRECTOR,
4348,DIRECTOR,
4352,DIRECTOR,
4357,DIRECTOR,
4358,DIRECTOR,
4358,SUPERVISOR,
4359,DIRECTOR,
4359,SUPERVISOR,
4360,DIRECTOR,
4360,SUPERVISOR,
4361,DIRECTOR,
4361,SUPERVISOR,
4362,DIRECTOR,
4362,SUPERVISOR,
4363,DIRECTOR,
4363,SUPERVISOR,
4364,DIRECTOR,
4364,SUPERVISOR,
4396,DIRECTOR,
4396,SUPERVISOR,
4399,DIRECTOR,
4399,SUPERVISOR,
4403,DIRECTOR,
4406,DIRECTOR,
4407,DIRECTOR,
4411,DIRECTOR,---
4468,DIRECTOR,
4468,SUPERVISOR,
4469,DIRECTOR,
4473,DIRECTOR,
4474,DIRECTOR,
4494,DIRECTOR,
4525,DIRECTOR,
4525,SUPERVISOR,
4526,DIRECTOR,
4526,SUPERVISOR,
4527,DIRECTOR,----
4547,SUPERVISOR,
4591,DIRECTOR,
4592,DIRECTOR,
4592,SUPERVISOR,
4593,DIRECTOR,
4593,SUPERVISOR,
4594,DIRECTOR,
4595,DIRECTOR,
4595,SUPERVISOR,
4596,DIRECTOR,
4597,DIRECTOR,
4598,DIRECTOR,
4600,DIRECTOR,
4603,DIRECTOR,
4603,SUPERVISOR,
4604,DIRECTOR,----
4641,DIRECTOR,---
4642,DIRECTOR,---
4679,DIRECTOR,---
4862,DIRECTOR,
4862,SUPERVISOR,
4929,DIRECTOR,
4930,DIRECTOR,
4931,DIRECTOR,
4954,DIRECTOR,
4954,SUPERVISOR,
4956,DIRECTOR,
4956,SUPERVISOR,
4962,DIRECTOR,
4965,DIRECTOR,
4967,DIRECTOR,
4967,SUPERVISOR,
4969,DIRECTOR,
4969,SUPERVISOR,
4971,DIRECTOR,
4971,SUPERVISOR,
4974,DIRECTOR,
4974,SUPERVISOR,
4981,DIRECTOR,
4981,SUPERVISOR,
4982,DIRECTOR,
4982,SUPERVISOR,
4983,DIRECTOR,
4984,DIRECTOR,
4984,SUPERVISOR,
4986,DIRECTOR,
4986,SUPERVISOR,
4987,DIRECTOR,
4987,SUPERVISOR,
4993,DIRECTOR,
4993,SUPERVISOR,
4997,DIRECTOR,
4997,SUPERVISOR,
5002,DIRECTOR,
5002,SUPERVISOR,
5004,DIRECTOR,
5005,DIRECTOR,
5006,DIRECTOR,
5007,DIRECTOR,
5007,SUPERVISOR,
5011,DIRECTOR,
5011,SUPERVISOR,
5016,DIRECTOR,
5017,DIRECTOR,
5017,SUPERVISOR,
5018,DIRECTOR,
5020,DIRECTOR,
5021,DIRECTOR,
5024,DIRECTOR,
5028,DIRECTOR,
5029,DIRECTOR,
5029,SUPERVISOR,
5030,DIRECTOR,
5031,DIRECTOR,
5031,SUPERVISOR,
5032,DIRECTOR,
5034,DIRECTOR,
5034,SUPERVISOR,
5035,DIRECTOR,
5035,SUPERVISOR,
5038,DIRECTOR,
5038,SUPERVISOR,
5039,DIRECTOR,
5039,SUPERVISOR,
5040,DIRECTOR,
5041,DIRECTOR,
5043,DIRECTOR,
5047,DIRECTOR,
5048,DIRECTOR,
5049,DIRECTOR,
5049,SUPERVISOR,
5051,DIRECTOR,
5052,DIRECTOR,
5054,DIRECTOR,
5054,SUPERVISOR,
5055,DIRECTOR,
5055,SUPERVISOR,
5057,DIRECTOR,
5057,SUPERVISOR,
5059,DIRECTOR,
5063,DIRECTOR,
5064,DIRECTOR,
5065,DIRECTOR,
5066,DIRECTOR,
5067,DIRECTOR,
5067,SUPERVISOR,
5068,DIRECTOR,
5068,SUPERVISOR,
5069,DIRECTOR,
5070,DIRECTOR,
5070,SUPERVISOR,
5071,DIRECTOR,
5075,DIRECTOR,
5076,DIRECTOR,
5077,DIRECTOR,
5078,DIRECTOR,
5080,DIRECTOR,
5081,DIRECTOR,
5081,SUPERVISOR,
5083,DIRECTOR,
5083,SUPERVISOR,
5085,DIRECTOR,
5086,DIRECTOR,
5087,DIRECTOR,
5088,DIRECTOR,
5091,DIRECTOR,
5092,DIRECTOR,
5093,DIRECTOR,
5094,DIRECTOR,
5095,DIRECTOR,
5096,DIRECTOR,
5097,DIRECTOR,
5098,DIRECTOR,
5103,DIRECTOR,
5104,DIRECTOR,
5105,DIRECTOR,
5106,DIRECTOR,
5109,DIRECTOR,
5111,DIRECTOR,
5112,DIRECTOR,
5118,DIRECTOR,
5119,DIRECTOR,
5121,DIRECTOR,
5123,DIRECTOR,
5124,DIRECTOR,
5125,DIRECTOR,
5127,DIRECTOR,
5129,DIRECTOR,
5131,DIRECTOR,
5132,DIRECTOR,
5133,DIRECTOR,
5135,DIRECTOR,
5136,DIRECTOR,
5140,DIRECTOR,
5144,DIRECTOR,
5145,DIRECTOR,
5164,DIRECTOR,
5165,DIRECTOR,
5166,DIRECTOR,
5167,DIRECTOR,
5168,DIRECTOR,
5170,DIRECTOR,
5176,DIRECTOR,---
5178,DIRECTOR,
5198,DIRECTOR,
5199,DIRECTOR,
5200,DIRECTOR,
5201,DIRECTOR,
5205,DIRECTOR,
5208,DIRECTOR,
5295,DIRECTOR,
5297,DIRECTOR,
5301,DIRECTOR,
5301,SUPERVISOR,
5303,DIRECTOR,
5303,SUPERVISOR,
5305,DIRECTOR,
5305,SUPERVISOR,
5309,DIRECTOR,
5310,DIRECTOR,
5310,SUPERVISOR,
5311,DIRECTOR,
5311,SUPERVISOR,
5313,DIRECTOR,
5314,DIRECTOR,
5317,DIRECTOR,
5318,DIRECTOR,
5338,DIRECTOR,
5339,DIRECTOR,
5340,DIRECTOR,
5341,DIRECTOR,
5342,DIRECTOR,
5344,DIRECTOR,
5344,SUPERVISOR,
5347,DIRECTOR,
5402,DIRECTOR,
5405,DIRECTOR,
5405,SUPERVISOR,
5406,DIRECTOR,
5406,SUPERVISOR,
5407,DIRECTOR,
5407,SUPERVISOR,
5410,DIRECTOR,
5415,DIRECTOR,
5494,DIRECTOR,
5495,DIRECTOR,
5496,DIRECTOR,
5501,SUPERVISOR,
5504,DIRECTOR,
5512,DIRECTOR,
5512,SUPERVISOR,
5513,DIRECTOR,
5513,SUPERVISOR,
5516,DIRECTOR,
5517,DIRECTOR,
5517,SUPERVISOR,
5520,DIRECTOR,
5523,DIRECTOR,
5524,DIRECTOR,
5526,DIRECTOR,
5526,SUPERVISOR,
5529,DIRECTOR,
5529,SUPERVISOR,
5530,DIRECTOR,
5530,SUPERVISOR,
5533,DIRECTOR,
5537,DIRECTOR,
5538,DIRECTOR,
5539,DIRECTOR,
5540,DIRECTOR,
5541,DIRECTOR,
5542,DIRECTOR,
5545,DIRECTOR,
5546,DIRECTOR,
5547,DIRECTOR,
5552,DIRECTOR,
5553,DIRECTOR,
5554,DIRECTOR,
5557,DIRECTOR,
5561,DIRECTOR,
5569,DIRECTOR,---
5570,DIRECTOR,---
5572,DIRECTOR,---
5575,DIRECTOR,---
5579,DIRECTOR,---
5580,DIRECTOR,---
5591,DIRECTOR,---
5824,DIRECTOR,
5826,DIRECTOR,
5827,DIRECTOR,
5842,SUPERVISOR,
5847,DIRECTOR,
5850,DIRECTOR,
5851,DIRECTOR,
5852,DIRECTOR,
5852,SUPERVISOR,
5853,DIRECTOR,
5853,SUPERVISOR,
5855,DIRECTOR,
5855,SUPERVISOR,
5856,DIRECTOR,
5856,SUPERVISOR,
5857,DIRECTOR,
5857,SUPERVISOR,
5858,DIRECTOR,
5858,SUPERVISOR,
5859,DIRECTOR,
5859,SUPERVISOR,
5862,DIRECTOR,
5862,SUPERVISOR,
5864,DIRECTOR,
5865,DIRECTOR,
5865,SUPERVISOR,
5867,DIRECTOR,
5867,SUPERVISOR,
5870,DIRECTOR,
5870,SUPERVISOR,
5871,DIRECTOR,
5871,SUPERVISOR,
5872,DIRECTOR,
5873,DIRECTOR,
5873,SUPERVISOR,
5874,DIRECTOR,
5874,SUPERVISOR,
5876,DIRECTOR,
5879,DIRECTOR,
5879,SUPERVISOR,
5880,DIRECTOR,
5881,DIRECTOR,
5883,DIRECTOR,
5890,DIRECTOR,
5890,SUPERVISOR,
5893,DIRECTOR,
5893,SUPERVISOR,
5896,DIRECTOR,
5897,DIRECTOR,
5898,DIRECTOR,
5899,DIRECTOR,
5899,SUPERVISOR,
5901,DIRECTOR,
5902,DIRECTOR,----
5903,DIRECTOR,
5905,DIRECTOR,
5905,SUPERVISOR,
5906,DIRECTOR,
5906,SUPERVISOR,
5907,DIRECTOR,
5908,DIRECTOR,
5909,DIRECTOR,
5909,SUPERVISOR,
5914,DIRECTOR,
5916,DIRECTOR,
5918,DIRECTOR,
5921,DIRECTOR,
5922,DIRECTOR,
5922,SUPERVISOR,
5925,DIRECTOR,
5926,DIRECTOR,
5927,DIRECTOR,
5928,DIRECTOR,
5929,DIRECTOR,
5929,SUPERVISOR,
5930,DIRECTOR,
5930,SUPERVISOR,
5933,DIRECTOR,
5933,SUPERVISOR,
5934,DIRECTOR,
5935,DIRECTOR,
5935,SUPERVISOR,
5937,DIRECTOR,
5938,DIRECTOR,
5939,DIRECTOR,
5939,SUPERVISOR,
5940,DIRECTOR,
5940,SUPERVISOR,
5941,DIRECTOR,
5941,SUPERVISOR,
5946,DIRECTOR,
5953,DIRECTOR,
5954,DIRECTOR,
5955,DIRECTOR,
5956,DIRECTOR,
5957,DIRECTOR,
5958,DIRECTOR,
5960,DIRECTOR,
5961,DIRECTOR,
5962,DIRECTOR,
5963,DIRECTOR,
5964,DIRECTOR,
5966,DIRECTOR,
5967,DIRECTOR,
5968,DIRECTOR,
5969,DIRECTOR,
5972,DIRECTOR,
5974,DIRECTOR,
5975,DIRECTOR,
5976,DIRECTOR,
5981,DIRECTOR,
5985,DIRECTOR,
5986,DIRECTOR,
5987,DIRECTOR,
5990,DIRECTOR,
5992,DIRECTOR,
5993,DIRECTOR,
5994,DIRECTOR,
5999,DIRECTOR,
6004,DIRECTOR,
6005,DIRECTOR,
6006,DIRECTOR,
6058,DIRECTOR,
6066,DIRECTOR,--
6067,DIRECTOR,
6067,SUPERVISOR,
6069,DIRECTOR,
6069,SUPERVISOR,
6071,DIRECTOR,
6071,SUPERVISOR,
6073,DIRECTOR,
6073,SUPERVISOR,
6075,DIRECTOR,
6076,DIRECTOR,
6077,DIRECTOR,
6078,DIRECTOR,
6078,SUPERVISOR,
6086,DIRECTOR,
6087,DIRECTOR,
6089,DIRECTOR,
6105,DIRECTOR,---
6221,DIRECTOR,
6223,DIRECTOR,----
6224,DIRECTOR,
6224,SUPERVISOR,
6226,DIRECTOR,
6226,SUPERVISOR,
6228,DIRECTOR,
6228,SUPERVISOR,
6230,DIRECTOR,---
6233,DIRECTOR,
6237,DIRECTOR,
6237,SUPERVISOR,
6238,DIRECTOR,
6238,SUPERVISOR,
6243,DIRECTOR,
6244,DIRECTOR,
6245,DIRECTOR,
6246,DIRECTOR,
6247,DIRECTOR,
6251,DIRECTOR,
6259,DIRECTOR,
6262,DIRECTOR,---
6264,DIRECTOR,
6378,DIRECTOR,
6385,DIRECTOR,
6385,SUPERVISOR,
6389,DIRECTOR,
6393,DIRECTOR,
6394,DIRECTOR,
6394,SUPERVISOR,
6397,DIRECTOR,
6398,DIRECTOR,
6398,SUPERVISOR,
6402,DIRECTOR,
6407,DIRECTOR,
6408,DIRECTOR,
6408,SUPERVISOR,
6409,DIRECTOR,
6410,DIRECTOR,
6413,DIRECTOR,
6414,DIRECTOR,
6418,DIRECTOR,
6419,DIRECTOR,
6420,DIRECTOR,
6421,DIRECTOR,
6424,DIRECTOR,
6425,DIRECTOR,
6427,DIRECTOR,
6430,DIRECTOR,
6459,DIRECTOR,
6460,DIRECTOR,
6461,DIRECTOR,
6462,DIRECTOR,---
6481,DIRECTOR,
6483,DIRECTOR,
6484,DIRECTOR,
6494,DIRECTOR,
6495,DIRECTOR,
6499,DIRECTOR,
6511,DIRECTOR,
6524,DIRECTOR,
6557,DIRECTOR,
6561,DIRECTOR,---
6574,DIRECTOR,
6576,DIRECTOR,
6576,SUPERVISOR,
6577,DIRECTOR,
6594,DIRECTOR,
6598,DIRECTOR,
6598,SUPERVISOR,
6600,DIRECTOR,
6601,DIRECTOR,
6602,DIRECTOR,
6610,DIRECTOR,
6611,DIRECTOR,
6611,SUPERVISOR,
6612,DIRECTOR,
6642,DIRECTOR,
6643,DIRECTOR,
6643,SUPERVISOR,
6645,DIRECTOR,
6647,DIRECTOR,
6663,DIRECTOR,
6682,DIRECTOR,
6692,DIRECTOR,
6693,DIRECTOR,
6695,DIRECTOR,
6696,DIRECTOR,----
6706,DIRECTOR,
6712,DIRECTOR,
6725,DIRECTOR,---
6748,DIRECTOR,
6759,DIRECTOR,
6783,DIRECTOR,
6784,DIRECTOR,
6785,DIRECTOR,
6786,DIRECTOR,
6786,SUPERVISOR,
6793,DIRECTOR,
6795,DIRECTOR,
6810,DIRECTOR,
6811,DIRECTOR,
6813,DIRECTOR,
6814,DIRECTOR,
6815,DIRECTOR,
6816,DIRECTOR,
6821,DIRECTOR,
6822,DIRECTOR,
6827,DIRECTOR,
6830,DIRECTOR,---
6831,DIRECTOR,
6843,DIRECTOR,
6844,DIRECTOR,
6848,DIRECTOR,
6848,SUPERVISOR,
6849,DIRECTOR,
6849,SUPERVISOR,
6852,DIRECTOR,--
6853,DIRECTOR,
6853,SUPERVISOR,
6856,DIRECTOR,
6856,SUPERVISOR,
6883,DIRECTOR,---
6980,DIRECTOR,--
6981,DIRECTOR,
6981,SUPERVISOR,
6984,DIRECTOR,
6984,SUPERVISOR,
6987,DIRECTOR,
6987,SUPERVISOR,
6988,DIRECTOR,--
6989,DIRECTOR,--
6990,DIRECTOR,--
6991,DIRECTOR,--
6995,DIRECTOR,
6998,DIRECTOR,--
7003,DIRECTOR,--
7004,DIRECTOR,--
7005,DIRECTOR,--
7013,DIRECTOR,--
7015,DIRECTOR,--
7016,DIRECTOR,--
7017,DIRECTOR,--
7020,DIRECTOR,
7071,DIRECTOR,
7071,SUPERVISOR,
7082,DIRECTOR,
7120,DIRECTOR,---
7140,DIRECTOR,
7140,SUPERVISOR,
7141,DIRECTOR,
7141,SUPERVISOR,
7201,DIRECTOR,
7204,DIRECTOR,
7212,DIRECTOR,--
7253,DIRECTOR,
7257,DIRECTOR,
7263,DIRECTOR,
7263,SUPERVISOR,
7278,DIRECTOR,
7336,DIRECTOR,
7337,DIRECTOR,
7347,DIRECTOR,
7352,DIRECTOR,
7353,DIRECTOR,
7358,DIRECTOR,
7389,DIRECTOR,
7415,DIRECTOR,
7416,DIRECTOR,
7417,DIRECTOR,
7419,DIRECTOR,
7422,DIRECTOR,---
7439,DIRECTOR,
7444,DIRECTOR,
7444,SUPERVISOR,
7446,DIRECTOR,
7446,SUPERVISOR,
7545,DIRECTOR,
7546,DIRECTOR,
7548,DIRECTOR,
7552,DIRECTOR,-
7557,DIRECTOR,
7557,SUPERVISOR,
7562,DIRECTOR,
7562,SUPERVISOR,
7565,DIRECTOR,
7565,SUPERVISOR,
7566,DIRECTOR,
7569,DIRECTOR,
7569,SUPERVISOR,
7570,DIRECTOR,
7570,SUPERVISOR,
7573,DIRECTOR,
7575,DIRECTOR,
7587,DIRECTOR,
7588,DIRECTOR,
7589,DIRECTOR,
7603,DIRECTOR,
7604,DIRECTOR,-
7636,DIRECTOR,
7636,SUPERVISOR,
7637,DIRECTOR,
7638,DIRECTOR,
7642,DIRECTOR,
7643,DIRECTOR,
7645,DIRECTOR,---
7662,DIRECTOR,
7676,DIRECTOR,
7679,DIRECTOR,
7749,DIRECTOR,
7749,SUPERVISOR,
7750,DIRECTOR,
7756,DIRECTOR,
7793,DIRECTOR,
7794,DIRECTOR,
7804,DIRECTOR,
7818,DIRECTOR,
7836,DIRECTOR,----
7837,DIRECTOR,
7837,SUPERVISOR,
7838,DIRECTOR,
7841,DIRECTOR,---
7878,DIRECTOR,
7882,DIRECTOR,--
7887,DIRECTOR,
7887,SUPERVISOR,
7891,DIRECTOR,
7893,DIRECTOR,--
7895,DIRECTOR,
7896,DIRECTOR,
7897,DIRECTOR,
7898,DIRECTOR,
7901,DIRECTOR,
7907,DIRECTOR,
7911,DIRECTOR,
7912,DIRECTOR,
7912,SUPERVISOR,
7913,DIRECTOR,---
7917,DIRECTOR,---
7918,DIRECTOR,---
7957,DIRECTOR,
7958,DIRECTOR,
7959,DIRECTOR,---
7960,DIRECTOR,
7960,SUPERVISOR,
7962,DIRECTOR,
7962,SUPERVISOR,
7964,DIRECTOR,-
7967,DIRECTOR,
7967,SUPERVISOR,
7968,DIRECTOR,
7971,DIRECTOR,
7972,DIRECTOR,
7975,DIRECTOR,
7977,DIRECTOR,--
7999,DIRECTOR,
8001,DIRECTOR,
8003,DIRECTOR,
8003,SUPERVISOR,
8004,SUPERVISOR,
8006,DIRECTOR,
8017,DIRECTOR,---
8070,DIRECTOR,
8071,DIRECTOR,
8071,SUPERVISOR,
8072,DIRECTOR,
8072,SUPERVISOR,
8073,DIRECTOR,
8073,SUPERVISOR,
8074,DIRECTOR,
8074,SUPERVISOR,
8075,DIRECTOR,
8075,SUPERVISOR,
8076,DIRECTOR,
8078,DIRECTOR,--
8079,DIRECTOR,
8080,DIRECTOR,
8084,DIRECTOR,
8096,DIRECTOR,
8096,SUPERVISOR,
8110,DIRECTOR,
8111,DIRECTOR,
8111,SUPERVISOR,
8131,SUPERVISOR,
8139,DIRECTOR,
8141,DIRECTOR,
8141,SUPERVISOR,
8142,DIRECTOR,
8147,DIRECTOR,
8152,DIRECTOR,---
8172,DIRECTOR,
8173,DIRECTOR,
8174,DIRECTOR,
8174,SUPERVISOR,
8181,DIRECTOR,
8183,DIRECTOR,
8184,DIRECTOR,
8188,DIRECTOR,---
8193,SUPERVISOR,
8232,DIRECTOR,
8233,DIRECTOR,
8234,DIRECTOR,
8235,DIRECTOR,
8236,DIRECTOR,
8258,DIRECTOR,
8261,DIRECTOR,
8267,SUPERVISOR,
8289,DIRECTOR,
8290,DIRECTOR,
8296,DIRECTOR,
8296,SUPERVISOR,
8297,DIRECTOR,---
8298,DIRECTOR,
8299,DIRECTOR,
8299,SUPERVISOR,
8334,DIRECTOR,
8335,DIRECTOR,
8352,DIRECTOR,----
8362,DIRECTOR,
8372,DIRECTOR,
8375,DIRECTOR,
8375,SUPERVISOR,
8378,DIRECTOR,
8382,DIRECTOR,-
8512,SUPERVISOR,
8513,DIRECTOR,--
8519,DIRECTOR,
8521,DIRECTOR,
8521,SUPERVISOR,
8523,DIRECTOR,
8525,DIRECTOR,
8525,SUPERVISOR,
8527,DIRECTOR,
8527,SUPERVISOR,
8530,DIRECTOR,
8531,DIRECTOR,
8531,SUPERVISOR,
8535,DIRECTOR,
8535,SUPERVISOR,
8536,DIRECTOR,
8537,DIRECTOR,
8548,DIRECTOR,
8548,SUPERVISOR,
8552,DIRECTOR,-
8554,DIRECTOR,
8554,SUPERVISOR,
8555,DIRECTOR,
8556,DIRECTOR,-
8558,DIRECTOR,
8559,DIRECTOR,
8564,DIRECTOR,
8566,DIRECTOR,
8569,DIRECTOR,
8570,DIRECTOR,
8576,DIRECTOR,
8578,DIRECTOR,
8579,DIRECTOR,
8580,DIRECTOR,
8581,DIRECTOR,
8582,DIRECTOR,
8588,DIRECTOR,
8594,DIRECTOR,
8595,DIRECTOR,
8604,DIRECTOR,
8611,DIRECTOR,
8616,DIRECTOR,
8618,DIRECTOR,
8620,DIRECTOR,
8622,DIRECTOR,
8625,DIRECTOR,
8626,DIRECTOR,
8628,DIRECTOR,
8647,DIRECTOR,
8661,DIRECTOR,---
8665,DIRECTOR,
8667,DIRECTOR,
8670,DIRECTOR,
8670,SUPERVISOR,
8671,DIRECTOR,-
8672,DIRECTOR,-
8695,DIRECTOR,
8695,SUPERVISOR,
8696,DIRECTOR,
8696,SUPERVISOR,
8697,DIRECTOR,
8697,SUPERVISOR,
8698,DIRECTOR,
8698,SUPERVISOR,
8699,DIRECTOR,
8699,SUPERVISOR,
8700,DIRECTOR,
8703,DIRECTOR,
8723,DIRECTOR,-
8725,DIRECTOR,
8725,SUPERVISOR,
8738,DIRECTOR,
8738,SUPERVISOR,
8753,DIRECTOR,
8762,DIRECTOR,-
8764,DIRECTOR,
8764,SUPERVISOR,
8829,DIRECTOR,
8829,SUPERVISOR,
8830,DIRECTOR,
8830,SUPERVISOR,
8834,DIRECTOR,
8834,SUPERVISOR,
8835,DIRECTOR,
8835,SUPERVISOR,
8840,DIRECTOR,
8840,SUPERVISOR,
8843,DIRECTOR,
8845,DIRECTOR,
8845,SUPERVISOR,
8849,DIRECTOR,
8849,SUPERVISOR,
8850,DIRECTOR,
8850,SUPERVISOR,
8851,DIRECTOR,
8854,DIRECTOR,
8870,DIRECTOR,
8870,SUPERVISOR,
8879,DIRECTOR,
8905,DIRECTOR,
8953,DIRECTOR,
8953,SUPERVISOR,
8956,DIRECTOR,
8959,DIRECTOR,
8969,DIRECTOR,
8987,DIRECTOR,
8988,DIRECTOR,
9003,DIRECTOR,
9004,DIRECTOR,
9005,DIRECTOR,
9008,DIRECTOR,
9010,DIRECTOR,
9015,DIRECTOR,
9037,DIRECTOR,
9038,DIRECTOR,
9049,DIRECTOR,
9050,DIRECTOR,
9052,DIRECTOR,
9068,DIRECTOR,
9070,DIRECTOR,
9071,DIRECTOR,
9072,DIRECTOR,
9073,DIRECTOR,
9073,SUPERVISOR,
9079,DIRECTOR,
9088,DIRECTOR,---
9104,DIRECTOR,
9105,DIRECTOR,
9106,DIRECTOR,
9107,DIRECTOR,
9108,DIRECTOR,
9120,DIRECTOR,
9139,DIRECTOR,
9141,DIRECTOR,
9142,DIRECTOR,
9143,DIRECTOR,
9144,DIRECTOR,
9181,DIRECTOR,
9182,DIRECTOR,
9183,DIRECTOR,
9184,DIRECTOR,
9185,DIRECTOR,
9186,DIRECTOR,
9188,DIRECTOR,
9189,DIRECTOR,
9190,DIRECTOR,
9192,SUPERVISOR,
9193,DIRECTOR,---
9220,DIRECTOR,
9221,DIRECTOR,
9222,DIRECTOR,
9228,DIRECTOR,
9228,SUPERVISOR,
9229,DIRECTOR,
9318,DIRECTOR,
9318,SUPERVISOR,
9401,DIRECTOR,
9401,SUPERVISOR,
9404,DIRECTOR,
9406,DIRECTOR,
9409,DIRECTOR,
9410,DIRECTOR,
9413,DIRECTOR,
9421,DIRECTOR,
9423,DIRECTOR,
9424,DIRECTOR,
9426,DIRECTOR,
9447,DIRECTOR,
9455,DIRECTOR,
9457,DIRECTOR,
9471,DIRECTOR,
9471,SUPERVISOR,
9472,DIRECTOR,
9472,SUPERVISOR,
9486,DIRECTOR,
9486,SUPERVISOR,
9487,DIRECTOR,
9487,SUPERVISOR,
9490,DIRECTOR,
9490,SUPERVISOR,
9491,DIRECTOR,
9491,SUPERVISOR,
9492,DIRECTOR,
9493,DIRECTOR,
9495,DIRECTOR,
9495,SUPERVISOR,
9498,DIRECTOR,
9518,DIRECTOR,
9526,DIRECTOR,
9526,SUPERVISOR,
9530,DIRECTOR,
9531,DIRECTOR,
9543,DIRECTOR,
9565,DIRECTOR,
9588,DIRECTOR,
9591,DIRECTOR,
9591,SUPERVISOR,
9597,DIRECTOR,
9597,SUPERVISOR,
9598,DIRECTOR,
9599,DIRECTOR,---
9603,DIRECTOR,---
9607,DIRECTOR,---
9679,DIRECTOR,
9679,SUPERVISOR,
9681,DIRECTOR,
9681,SUPERVISOR,
9686,DIRECTOR,
9688,DIRECTOR,
9688,SUPERVISOR,
9689,DIRECTOR,
9690,DIRECTOR,
9690,SUPERVISOR,
9697,DIRECTOR,
9697,SUPERVISOR,
9701,DIRECTOR,
9702,DIRECTOR,
9703,DIRECTOR,
9707,DIRECTOR,
9715,DIRECTOR,
9716,DIRECTOR,
9717,DIRECTOR,---
9719,DIRECTOR,
9720,DIRECTOR,
9725,DIRECTOR,
9726,DIRECTOR,
9733,DIRECTOR,
9756,DIRECTOR,
9760,DIRECTOR,
9761,DIRECTOR,
9762,DIRECTOR,
9763,DIRECTOR,
9764,DIRECTOR,
9765,DIRECTOR,
9767,DIRECTOR,
9809,DIRECTOR,
9809,SUPERVISOR,
9810,DIRECTOR,
9812,DIRECTOR,
9813,DIRECTOR,
9814,DIRECTOR,
9816,DIRECTOR,
9817,DIRECTOR,
9827,DIRECTOR,
9828,DIRECTOR,
9829,DIRECTOR,
9843,DIRECTOR,
9844,DIRECTOR,
9845,DIRECTOR,
9858,DIRECTOR,
9860,DIRECTOR,
9887,DIRECTOR,
9887,SUPERVISOR,
9888,DIRECTOR,
9888,SUPERVISOR,
9889,DIRECTOR,
9889,SUPERVISOR,
9890,DIRECTOR,
9890,SUPERVISOR,
9891,DIRECTOR,
9891,SUPERVISOR,
9892,DIRECTOR,
9897,DIRECTOR,
9900,DIRECTOR,
9927,DIRECTOR,
9979,DIRECTOR,
9987,DIRECTOR,
9996,DIRECTOR,
9998,DIRECTOR,
10004,DIRECTOR,
10006,DIRECTOR,
10007,DIRECTOR,
10013,DIRECTOR,
10018,DIRECTOR,
10019,DIRECTOR,
10019,SUPERVISOR,
10024,DIRECTOR,
10024,SUPERVISOR,
10030,DIRECTOR,---
10082,DIRECTOR,
10086,DIRECTOR,
10086,SUPERVISOR,
10087,DIRECTOR,
10087,SUPERVISOR,
10088,DIRECTOR,---
10089,DIRECTOR,
10089,SUPERVISOR,
10092,DIRECTOR,
10094,DIRECTOR,
10094,SUPERVISOR,
10095,DIRECTOR,
10102,DIRECTOR,
10103,DIRECTOR,
10105,DIRECTOR,
10105,SUPERVISOR,
10151,DIRECTOR,
10152,DIRECTOR,
10153,DIRECTOR,
10155,DIRECTOR,
10157,DIRECTOR,
10157,SUPERVISOR,
10158,DIRECTOR,
10163,DIRECTOR,
10163,SUPERVISOR,
10164,DIRECTOR,
10164,SUPERVISOR,
10165,DIRECTOR,
10166,DIRECTOR,
10171,DIRECTOR,
10172,DIRECTOR,
10174,DIRECTOR,
10179,DIRECTOR,---
10238,DIRECTOR,
10239,DIRECTOR,
10243,DIRECTOR,---
10294,DIRECTOR,
10298,DIRECTOR,---
10314,DIRECTOR,
10333,DIRECTOR,
10334,DIRECTOR,
10349,DIRECTOR,
10350,DIRECTOR,
10351,DIRECTOR,
10372,DIRECTOR,
10374,DIRECTOR,
10375,DIRECTOR,
10376,DIRECTOR,
10383,DIRECTOR,
10383,SUPERVISOR,
10384,DIRECTOR,
10384,SUPERVISOR,
10415,DIRECTOR,
10415,SUPERVISOR,
10420,SUPERVISOR,
10421,SUPERVISOR,
10424,DIRECTOR,
10429,DIRECTOR,---
10518,DIRECTOR,
10518,SUPERVISOR,
10519,DIRECTOR,
10520,DIRECTOR,
10521,DIRECTOR,
10540,DIRECTOR,
10540,SUPERVISOR,
10567,DIRECTOR,
10567,SUPERVISOR,
10568,DIRECTOR,
10568,SUPERVISOR,
10577,DIRECTOR,
10578,DIRECTOR,
10580,DIRECTOR,
10602,DIRECTOR,
10603,DIRECTOR,
10604,DIRECTOR,
10608,DIRECTOR,
10631,DIRECTOR,
10632,DIRECTOR,
10643,DIRECTOR,
10644,DIRECTOR,
10650,DIRECTOR,---
10682,DIRECTOR,
10686,DIRECTOR,---
10697,DIRECTOR,
10723,DIRECTOR,
10763,DIRECTOR,
10771,DIRECTOR,
10773,DIRECTOR,
10802,DIRECTOR,
10803,DIRECTOR,
10812,DIRECTOR,
10814,DIRECTOR,
10822,DIRECTOR,
10822,SUPERVISOR,
10823,DIRECTOR,
10845,DIRECTOR,
10875,DIRECTOR,
10875,SUPERVISOR,
10878,DIRECTOR,
10878,SUPERVISOR,
10881,DIRECTOR,
10883,DIRECTOR,
10884,DIRECTOR,
10887,DIRECTOR,
10889,DIRECTOR,
10890,DIRECTOR,
10902,DIRECTOR,
10953,DIRECTOR,
10961,DIRECTOR,---
10986,DIRECTOR,
10987,DIRECTOR,
10988,DIRECTOR,
10988,SUPERVISOR,
10992,DIRECTOR,
10999,DIRECTOR,
11000,DIRECTOR,
11006,DIRECTOR,
11006,SUPERVISOR,
11008,DIRECTOR,
11025,DIRECTOR,
11029,DIRECTOR,
11038,DIRECTOR,
11041,DIRECTOR,---
11051,DIRECTOR,
11056,DIRECTOR,
11063,DIRECTOR,
11084,DIRECTOR,
11084,SUPERVISOR,
11088,DIRECTOR,
11089,DIRECTOR,
11091,DIRECTOR,
11095,DIRECTOR,
11107,DIRECTOR,
11108,DIRECTOR,
11111,DIRECTOR,
11120,DIRECTOR,
11145,DIRECTOR,
11147,DIRECTOR,
11148,DIRECTOR,
11148,SUPERVISOR,
11150,DIRECTOR,
11151,DIRECTOR,
11151,SUPERVISOR,
11154,DIRECTOR,
11158,DIRECTOR,
11158,SUPERVISOR,
11159,DIRECTOR,-
11233,DIRECTOR,--
11242,DIRECTOR,--
11298,DIRECTOR,
11304,DIRECTOR,
11304,SUPERVISOR,
11307,DIRECTOR,
11308,DIRECTOR,
11308,SUPERVISOR,
11309,DIRECTOR,
11311,DIRECTOR,
11312,DIRECTOR,
11314,DIRECTOR,
11314,SUPERVISOR,
11316,DIRECTOR,
11321,DIRECTOR,
11321,SUPERVISOR,
11326,DIRECTOR,
11327,DIRECTOR,
11333,DIRECTOR,
11334,DIRECTOR,
11339,DIRECTOR,
11347,DIRECTOR,
11351,DIRECTOR,---
11362,DIRECTOR,
11363,DIRECTOR,
11364,DIRECTOR,
11364,SUPERVISOR,
11365,DIRECTOR,
11366,DIRECTOR,
11367,DIRECTOR,
11370,DIRECTOR,
11373,DIRECTOR,
11386,DIRECTOR,
11387,DIRECTOR,
11387,SUPERVISOR,
11388,DIRECTOR,
11389,DIRECTOR,
11390,DIRECTOR,
11404,DIRECTOR,
11405,DIRECTOR,
11426,DIRECTOR,
11434,DIRECTOR,----
11485,DIRECTOR,
11485,SUPERVISOR,
11509,DIRECTOR,
11514,DIRECTOR,
11545,DIRECTOR,
11546,DIRECTOR,
11548,DIRECTOR,
11549,DIRECTOR,
11550,DIRECTOR,
11567,DIRECTOR,
11617,DIRECTOR,
11625,DIRECTOR,
11627,DIRECTOR,
11631,DIRECTOR,
11633,DIRECTOR,
11638,DIRECTOR,---
11641,DIRECTOR,---
11660,DIRECTOR,
11660,SUPERVISOR,
11665,DIRECTOR,
11665,SUPERVISOR,
11666,DIRECTOR,
11668,DIRECTOR,
11669,DIRECTOR,---
11676,DIRECTOR,
11679,DIRECTOR,---
11689,DIRECTOR,
11694,DIRECTOR,
11694,SUPERVISOR,
11695,DIRECTOR,
11697,DIRECTOR,
11697,SUPERVISOR,
11699,DIRECTOR,
11708,DIRECTOR,
11717,DIRECTOR,
11718,DIRECTOR,
11718,SUPERVISOR,
11728,DIRECTOR,---
11731,SUPERVISOR,
11753,DIRECTOR,
11755,DIRECTOR,
11761,DIRECTOR,
11763,DIRECTOR,
11766,DIRECTOR,
11773,DIRECTOR,
11779,DIRECTOR,
11786,DIRECTOR,
11787,DIRECTOR,
11788,DIRECTOR,
11789,DIRECTOR,
11799,DIRECTOR,
11800,DIRECTOR,
11801,DIRECTOR,
11802,DIRECTOR,
11804,DIRECTOR,
11829,DIRECTOR,
11830,DIRECTOR,
11837,DIRECTOR,
11843,DIRECTOR,
11845,DIRECTOR,
11848,DIRECTOR,
11849,DIRECTOR,
11856,DIRECTOR,
11857,DIRECTOR,
11858,DIRECTOR,
11859,DIRECTOR,
11861,DIRECTOR,
11862,DIRECTOR,
11862,SUPERVISOR,
11864,DIRECTOR,--
11868,DIRECTOR,
